-- phpMyAdmin SQL Dump
-- version 5.2.0
-- https://www.phpmyadmin.net/
--
-- Host: 127.0.0.1
-- Generation Time: Jan 08, 2024 at 01:59 PM
-- Server version: 10.4.24-MariaDB
-- PHP Version: 8.1.6

SET SQL_MODE = "NO_AUTO_VALUE_ON_ZERO";
START TRANSACTION;
SET time_zone = "+00:00";


/*!40101 SET @OLD_CHARACTER_SET_CLIENT=@@CHARACTER_SET_CLIENT */;
/*!40101 SET @OLD_CHARACTER_SET_RESULTS=@@CHARACTER_SET_RESULTS */;
/*!40101 SET @OLD_COLLATION_CONNECTION=@@COLLATION_CONNECTION */;
/*!40101 SET NAMES utf8mb4 */;

--
-- Database: `poli_bk`
--

-- --------------------------------------------------------

--
-- Table structure for table `daftar_poli`
--

CREATE TABLE `daftar_poli` (
  `id` int(11) UNSIGNED NOT NULL,
  `id_pasien` int(11) UNSIGNED NOT NULL,
  `id_jadwal` int(11) UNSIGNED NOT NULL,
  `keluhan` text NOT NULL,
  `no_antrian` int(11) UNSIGNED NOT NULL,
  `status_periksa` enum('0','1') NOT NULL
) ENGINE=InnoDB DEFAULT CHARSET=utf8mb4;

--
-- Dumping data for table `daftar_poli`
--

INSERT INTO `daftar_poli` (`id`, `id_pasien`, `id_jadwal`, `keluhan`, `no_antrian`, `status_periksa`) VALUES
(1, 8, 2, 'saya mau cerita aja boleh ga dok', 1, '0'),
(2, 8, 3, 'saya pusing dok', 1, '0'),
(3, 9, 1, 'kaki saya sakit dok', 1, '0'),
(4, 9, 2, 'mata saya sakit dok', 2, '0'),
(5, 9, 3, 'tes', 2, '1'),
(6, 11, 3, 'Saya pusing dok', 3, '1');

-- --------------------------------------------------------

--
-- Table structure for table `detail_periksa`
--

CREATE TABLE `detail_periksa` (
  `id` int(11) UNSIGNED NOT NULL,
  `id_periksa` int(11) UNSIGNED NOT NULL,
  `id_obat` int(11) UNSIGNED NOT NULL
) ENGINE=InnoDB DEFAULT CHARSET=utf8mb4;

--
-- Dumping data for table `detail_periksa`
--

INSERT INTO `detail_periksa` (`id`, `id_periksa`, `id_obat`) VALUES
(1, 1, 2),
(2, 1, 7),
(3, 2, 2),
(5, 2, 11);

-- --------------------------------------------------------

--
-- Table structure for table `dokter`
--

CREATE TABLE `dokter` (
  `id` int(11) UNSIGNED NOT NULL,
  `nama` varchar(255) NOT NULL,
  `password` varchar(255) NOT NULL,
  `alamat` varchar(255) NOT NULL,
  `no_hp` varchar(50) NOT NULL,
  `id_poli` int(11) UNSIGNED NOT NULL
) ENGINE=InnoDB DEFAULT CHARSET=utf8mb4;

--
-- Dumping data for table `dokter`
--

INSERT INTO `dokter` (`id`, `nama`, `password`, `alamat`, `no_hp`, `id_poli`) VALUES
(1, 'Nurul Ismawati', 'Nurul Ismawati', 'Semarang Barat', '082146005391', 1),
(2, 'Salim Sulaiman', 'Salim Sulaiman', 'Semarang Tengah', '082157349088', 2),
(3, 'Dinita Kusumasari', 'Dinita Kusumasari', 'Semarang Selatan', '082190213375', 3),
(5, 'Ilham Maulana Akbar', 'Ilham Maulana Akbar', 'Semarang Timur', '082137484855', 6),
(6, 'Raiyan Salmanabil', 'Raiyan Salmanabil', 'Semarang Utara', '084265771238', 1),
(7, 'Adam', 'Adam', 'Semarang Tengah', '082159637845', 6);

-- --------------------------------------------------------

--
-- Table structure for table `jadwal_periksa`
--

CREATE TABLE `jadwal_periksa` (
  `id` int(11) UNSIGNED NOT NULL,
  `id_dokter` int(11) UNSIGNED NOT NULL,
  `hari` enum('Senin','Selasa','Rabu','Kamis','Jumat','Sabtu') NOT NULL,
  `jam_mulai` time NOT NULL,
  `jam_selesai` time NOT NULL,
  `status` enum('0','1') NOT NULL
) ENGINE=InnoDB DEFAULT CHARSET=utf8mb4;

--
-- Dumping data for table `jadwal_periksa`
--

INSERT INTO `jadwal_periksa` (`id`, `id_dokter`, `hari`, `jam_mulai`, `jam_selesai`, `status`) VALUES
(1, 1, 'Rabu', '15:00:00', '18:00:00', '0'),
(2, 2, 'Kamis', '08:00:00', '11:00:00', '0'),
(3, 1, 'Senin', '13:00:00', '15:00:00', '1'),
(4, 1, 'Jumat', '07:05:00', '09:05:00', '0'),
(5, 1, 'Jumat', '11:25:00', '01:25:00', '0');

-- --------------------------------------------------------

--
-- Table structure for table `obat`
--

CREATE TABLE `obat` (
  `id` int(11) UNSIGNED NOT NULL,
  `nama_obat` varchar(50) NOT NULL,
  `kemasan` varchar(35) NOT NULL,
  `harga` int(11) NOT NULL
) ENGINE=InnoDB DEFAULT CHARSET=utf8mb4;

--
-- Dumping data for table `obat`
--

INSERT INTO `obat` (`id`, `nama_obat`, `kemasan`, `harga`) VALUES
(1, 'Antasida DOEN I tablet kunyah, kombinasi ', 'ktk 10 x 10 tablet kunyah', 14000),
(2, 'Tiamin (Vitamin B1) tablet 50 mg (HCl/Nitrat)', 'btl 1000 tablet', 140000),
(5, 'Retinol (Vitamin A) 200.000 IU kapsul lunak', 'btl 50 kapsul lunak', 25000),
(7, 'Difenhidramin injeksi i.m 10 mg/ml/(HCI)', 'ktk 30 amp @ 1 ml', 36000),
(8, 'Epinefrin (adrenalin) injeksi 0,1 % (sebagai HCL)', 'ktk 30 amp @ 1 ml', 49000),
(11, 'Zink tablet 20 mg', 'ktk 10 x 10 tablet', 30000),
(12, 'ACT (Artesunate tablet 50 mg + Amodiaquine anhydri', '2 blister @ 12 tablet / kotak', 44000);

-- --------------------------------------------------------

--
-- Table structure for table `pasien`
--

CREATE TABLE `pasien` (
  `id` int(11) UNSIGNED NOT NULL,
  `nama` varchar(255) NOT NULL,
  `password` varchar(255) NOT NULL,
  `alamat` varchar(255) NOT NULL,
  `no_ktp` varchar(255) NOT NULL,
  `no_hp` varchar(50) NOT NULL,
  `no_rm` varchar(25) NOT NULL
) ENGINE=InnoDB DEFAULT CHARSET=utf8mb4;

--
-- Dumping data for table `pasien`
--

INSERT INTO `pasien` (`id`, `nama`, `password`, `alamat`, `no_ktp`, `no_hp`, `no_rm`) VALUES
(2, 'Pasien B', 'Pasien B', 'Tembalang, Jawa Tengah', '1287459863020475', '082345987754', '202312-002'),
(3, 'Pasien C', 'Pasien C', 'Bulustalan, Jawa tengah', '8465239754102015', '082656314990', '202312-003'),
(4, 'Pasien D', 'Pasien D', 'Sadewa, Kota Semarang', '0147904603581002', '082765342215', '202312-004'),
(5, 'Samy Sulaiman', 'samsul', 'Balapulang, Kota Tegal', '5493204065700341', '082745963125', '202312-009'),
(8, 'Maulana Akbar', 'ilhamakbar', 'Pati', '8764316795621463', '082165479532', '202401-012'),
(9, 'Pasien ', 'pasien', 'Semarang', '1576249720102365', '082155557823', '202401-013'),
(10, 'Dinita', 'Dinita', 'Pusponjolo Timur', '2103025810061401', '082564759823', '202401-014'),
(11, 'Nanda', 'Nanda', 'Tegal', '12578960174568410', '082145634478', '202401-015');

-- --------------------------------------------------------

--
-- Table structure for table `periksa`
--

CREATE TABLE `periksa` (
  `id` int(11) UNSIGNED NOT NULL,
  `id_daftar_poli` int(11) UNSIGNED NOT NULL,
  `tgl_periksa` datetime NOT NULL,
  `catatan` text NOT NULL,
  `biaya_periksa` int(11) NOT NULL
) ENGINE=InnoDB DEFAULT CHARSET=utf8mb4;

--
-- Dumping data for table `periksa`
--

INSERT INTO `periksa` (`id`, `id_daftar_poli`, `tgl_periksa`, `catatan`, `biaya_periksa`) VALUES
(1, 5, '2024-01-05 00:43:00', 'sip', 150000),
(2, 6, '2024-01-08 07:06:00', 'Minum obatnya ya', 150000);

-- --------------------------------------------------------

--
-- Table structure for table `poli`
--

CREATE TABLE `poli` (
  `id` int(11) UNSIGNED NOT NULL,
  `nama_poli` varchar(25) NOT NULL,
  `keterangan` text NOT NULL
) ENGINE=InnoDB DEFAULT CHARSET=utf8mb4;

--
-- Dumping data for table `poli`
--

INSERT INTO `poli` (`id`, `nama_poli`, `keterangan`) VALUES
(1, 'Umum', 'Menyediakan layanan pemeriksaan dan pengobatan untuk berbagai masalah kesehatan umum.'),
(2, 'Mata', 'Khusus menangani masalah kesehatan mata, seperti pemeriksaan mata, koreksi penglihatan, dan pengobatan penyakit mata'),
(3, 'Gigi', 'Menyediakan layanan pemeriksaan gigi, perawatan gigi, dan tindakan kedokteran gigi lainnya'),
(6, 'Penyakit Dalam', 'Menangani penyakit-penyakit dalam tubuh, seperti penyakit jantung, diabetes, dan gangguan sistemik lainnya');

--
-- Indexes for dumped tables
--

--
-- Indexes for table `daftar_poli`
--
ALTER TABLE `daftar_poli`
  ADD PRIMARY KEY (`id`),
  ADD KEY `fk_daftarpoli_pasien` (`id_pasien`),
  ADD KEY `fk_daftarpoli_jadwalperiksa` (`id_jadwal`);

--
-- Indexes for table `detail_periksa`
--
ALTER TABLE `detail_periksa`
  ADD PRIMARY KEY (`id`),
  ADD KEY `fk_detailperiksa_periksa` (`id_periksa`),
  ADD KEY `fk_detailperiksa_obat` (`id_obat`);

--
-- Indexes for table `dokter`
--
ALTER TABLE `dokter`
  ADD PRIMARY KEY (`id`),
  ADD KEY `fk_dokter_poli` (`id_poli`);

--
-- Indexes for table `jadwal_periksa`
--
ALTER TABLE `jadwal_periksa`
  ADD PRIMARY KEY (`id`),
  ADD KEY `fk_jadwalperiksa_dokter` (`id_dokter`);

--
-- Indexes for table `obat`
--
ALTER TABLE `obat`
  ADD PRIMARY KEY (`id`);

--
-- Indexes for table `pasien`
--
ALTER TABLE `pasien`
  ADD PRIMARY KEY (`id`);

--
-- Indexes for table `periksa`
--
ALTER TABLE `periksa`
  ADD PRIMARY KEY (`id`),
  ADD KEY `fk_periksa_daftarpoli` (`id_daftar_poli`);

--
-- Indexes for table `poli`
--
ALTER TABLE `poli`
  ADD PRIMARY KEY (`id`);

--
-- AUTO_INCREMENT for dumped tables
--

--
-- AUTO_INCREMENT for table `daftar_poli`
--
ALTER TABLE `daftar_poli`
  MODIFY `id` int(11) UNSIGNED NOT NULL AUTO_INCREMENT, AUTO_INCREMENT=7;

--
-- AUTO_INCREMENT for table `detail_periksa`
--
ALTER TABLE `detail_periksa`
  MODIFY `id` int(11) UNSIGNED NOT NULL AUTO_INCREMENT, AUTO_INCREMENT=6;

--
-- AUTO_INCREMENT for table `dokter`
--
ALTER TABLE `dokter`
  MODIFY `id` int(11) UNSIGNED NOT NULL AUTO_INCREMENT, AUTO_INCREMENT=8;

--
-- AUTO_INCREMENT for table `jadwal_periksa`
--
ALTER TABLE `jadwal_periksa`
  MODIFY `id` int(11) UNSIGNED NOT NULL AUTO_INCREMENT, AUTO_INCREMENT=6;

--
-- AUTO_INCREMENT for table `obat`
--
ALTER TABLE `obat`
  MODIFY `id` int(11) UNSIGNED NOT NULL AUTO_INCREMENT, AUTO_INCREMENT=13;

--
-- AUTO_INCREMENT for table `pasien`
--
ALTER TABLE `pasien`
  MODIFY `id` int(11) UNSIGNED NOT NULL AUTO_INCREMENT, AUTO_INCREMENT=12;

--
-- AUTO_INCREMENT for table `periksa`
--
ALTER TABLE `periksa`
  MODIFY `id` int(11) UNSIGNED NOT NULL AUTO_INCREMENT, AUTO_INCREMENT=3;

--
-- AUTO_INCREMENT for table `poli`
--
ALTER TABLE `poli`
  MODIFY `id` int(11) UNSIGNED NOT NULL AUTO_INCREMENT, AUTO_INCREMENT=7;

--
-- Constraints for dumped tables
--

--
-- Constraints for table `daftar_poli`
--
ALTER TABLE `daftar_poli`
  ADD CONSTRAINT `fk_daftarpoli_jadwalperiksa` FOREIGN KEY (`id_jadwal`) REFERENCES `jadwal_periksa` (`id`),
  ADD CONSTRAINT `fk_daftarpoli_pasien` FOREIGN KEY (`id_pasien`) REFERENCES `pasien` (`id`);

--
-- Constraints for table `detail_periksa`
--
ALTER TABLE `detail_periksa`
  ADD CONSTRAINT `fk_detailperiksa_obat` FOREIGN KEY (`id_obat`) REFERENCES `obat` (`id`) ON DELETE CASCADE,
  ADD CONSTRAINT `fk_detailperiksa_periksa` FOREIGN KEY (`id_periksa`) REFERENCES `periksa` (`id`);

--
-- Constraints for table `dokter`
--
ALTER TABLE `dokter`
  ADD CONSTRAINT `fk_dokter_poli` FOREIGN KEY (`id_poli`) REFERENCES `poli` (`id`);

--
-- Constraints for table `jadwal_periksa`
--
ALTER TABLE `jadwal_periksa`
  ADD CONSTRAINT `fk_jadwalperiksa_dokter` FOREIGN KEY (`id_dokter`) REFERENCES `dokter` (`id`);

--
-- Constraints for table `periksa`
--
ALTER TABLE `periksa`
  ADD CONSTRAINT `fk_periksa_daftarpoli` FOREIGN KEY (`id_daftar_poli`) REFERENCES `daftar_poli` (`id`);
COMMIT;

/*!40101 SET CHARACTER_SET_CLIENT=@OLD_CHARACTER_SET_CLIENT */;
/*!40101 SET CHARACTER_SET_RESULTS=@OLD_CHARACTER_SET_RESULTS */;
/*!40101 SET COLLATION_CONNECTION=@OLD_COLLATION_CONNECTION */;
